image,ground_truth,pred_VietOCR Pretrained,conf_VietOCR Pretrained,cer_VietOCR Pretrained_%,wer_VietOCR Pretrained_%,pred_VietOCR Fine-tuned (CTSV),conf_VietOCR Fine-tuned (CTSV),cer_VietOCR Fine-tuned (CTSV)_%,wer_VietOCR Fine-tuned (CTSV)_%,cer_improvement_%,wer_improvement_%,exact_VietOCR Pretrained,exact_VietOCR Fine-tuned (CTSV)
CTSV_001_2025-08-21-To_chuc_nhap_hoc_ch_0_1353-KH-DHDL_KE_HOACH_NHAP_H_p01_line_000.png,CỘNG HÒA XÃ HỘI CHỦ NGHĨA VIỆT NAM,Interpressionalized,0.5404,97.06,100.0,Contractionalists,0.8868,97.06,100.0,0.0,0.0,No,No
CTSV_001_2025-08-21-To_chuc_nhap_hoc_ch_0_1353-KH-DHDL_KE_HOACH_NHAP_H_p01_line_006.png,ĐƠN XIN XÉT MIỄN GIẢM HỌC PHÍ HỌC KỲ I,"- Giáo dục mầm non"",",0.8333,86.84,100.0,"Giáo dục mầm non"",",0.8953,89.47,100.0,-2.63,0.0,No,No
CTSV_001_2025-08-21-To_chuc_nhap_hoc_ch_0_1353-KH-DHDL_KE_HOACH_NHAP_H_p01_line_012.png,Kính gửi: Ban Giám hiệu Trường Đại học Đà Lạt,Trường Đại học Đà Lạt? ban hành kèm theo Quyết định số 140/QĐ-ĐHDL ngày 09/3/2023,0.912,144.44,150.0,Trường Đại học Đà Lạt? ban hành kèm theo Quyết định số 140/QĐ-ĐHDL ngày 09/3/2023,0.9292,144.44,150.0,0.0,0.0,No,No
CTSV_001_2025-08-21-To_chuc_nhap_hoc_ch_0_1353-KH-DHDL_KE_HOACH_NHAP_H_p01_line_018.png,Mã số sinh viên: 2212463,"1980 tạo hướng dẫn công tác tuyển sinh đại học, tuyển sinh cao đẳng năm 2025,",0.8794,275.0,300.0,"tạo hướng dẫn công tác tuyển sinh đại học, tuyển sinh cao đẳng năm 2025,",0.9233,254.17,280.0,20.83,20.0,No,No
CTSV_001_2025-08-21-To_chuc_nhap_hoc_ch_0_1353-KH-DHDL_KE_HOACH_NHAP_H_p01_line_024.png,Số điện thoại liên hệ: 0912345678,Từ ngày 25/8/2025 đến ngày 05/9/2025 (Trừ các ngày nghỉ Lễ Quốc khánh 2/9 từ thứ,0.9304,212.12,266.67,Từ ngày 25/8/2025 đến ngày 05/9/2025 (Trừ các ngày nghỉ Lễ Quốc khánh 2/9 từ thứ,0.9288,212.12,266.67,0.0,0.0,No,No
CTSV_001_2025-08-21-To_chuc_nhap_hoc_ch_0_1353-KH-DHDL_KE_HOACH_NHAP_H_p01_line_030.png,"Đà Lạt, ngày 21 tháng 09 năm 2026","Trường Đại học Đà Lạt, Số 01 Phù Đồng Thiên Vương, Phường Lâm Viên - Đà Lạt, Tỉnh",0.9265,187.88,200.0,"Trường Đại học Đà Lạt, Số 01 Phù Đồng Thiên Vương, Phường Lâm Viên - Đà Lạt, Tỉnh",0.9287,187.88,200.0,0.0,0.0,No,No
CTSV_001_2025-08-21-To_chuc_nhap_hoc_ch_0_1353-KH-DHDL_KE_HOACH_NHAP_H_p02_line_004.png,Điểm rèn luyện,025,0.8702,100.0,100.0,025,0.7796,100.0,100.0,0.0,0.0,No,No
CTSV_001_2025-08-21-To_chuc_nhap_hoc_ch_0_1353-KH-DHDL_KE_HOACH_NHAP_H_p02_line_010.png,CTK46,"3.2, Nhập học trực tiếp tại Trung tâm Thông tin - Thư viện Trường Đại học Đà",0.9203,1500.0,1700.0,"3.2, Nhập học trực tiếp tại Trung tâm Thông tin - Thư viện Trường Đại học Đà",0.9305,1500.0,1700.0,0.0,0.0,No,No
CTSV_001_2025-08-21-To_chuc_nhap_hoc_ch_0_1353-KH-DHDL_KE_HOACH_NHAP_H_p02_line_016.png,Phan Thành Phát,03100001990000388,0.2453,113.33,100.0,036000000000990,0.8078,100.0,100.0,13.33,0.0,No,No
CTSV_001_2025-08-21-To_chuc_nhap_hoc_ch_0_1353-KH-DHDL_KE_HOACH_NHAP_H_p02_line_022.png,2213934,"Làm đầu mối, xây dựng kế hoạch tổ chức nhập học cho Tân sinh viên khóa 49 hệ",0.9283,1071.43,1800.0,"Làm đầu mối, xây dựng kế hoạch tổ chức nhập học cho Tân sinh viên khóa 49 hệ",0.9297,1071.43,1800.0,0.0,0.0,No,No
CTSV_001_2025-08-21-To_chuc_nhap_hoc_ch_0_1353-KH-DHDL_KE_HOACH_NHAP_H_p02_line_028.png,4,- Phân công cản bộ y tế trực trong suốt quá trình nhập học;,0.9186,5900.0,1400.0,- Phân công cán bộ y tế trực trong suốt quá trình nhập học;,0.9165,5900.0,1400.0,0.0,0.0,No,No
CTSV_001_2025-08-21-To_chuc_nhap_hoc_ch_0_1353-KH-DHDL_KE_HOACH_NHAP_H_p02_line_034.png,4.500.000 VNĐ,"Tài chính Kế hoạch, phòng Quản lý chất lượng và Thanh tra Pháp chế, trung tâm CNTT,",0.9177,623.08,850.0,"Tài chính Kế hoạch, phòng Quản lý chất lượng và Thanh tra Pháp chế, trung tâm CNTT,",0.9304,623.08,850.0,0.0,0.0,No,No
CTSV_001_2025-08-21-To_chuc_nhap_hoc_ch_0_1353-KH-DHDL_KE_HOACH_NHAP_H_p03_line_000.png,ĐƠN XIN NGHỈ HỌC TẠM THỜI VÀ BẢO LƯU KẾT QUẢ HỌC TẬP,Contractionalists,0.55,98.08,100.0,Contractionalists,0.8773,98.08,100.0,0.0,0.0,No,No
CTSV_001_2025-08-21-To_chuc_nhap_hoc_ch_0_1353-KH-DHDL_KE_HOACH_NHAP_H_p03_line_006.png,THÔNG BÁO VỀ VIỆC ĐĂNG KÝ BẢO HIỂM Y TẾ BẮT BUỘC,mềm quản lý đào tạo để phục vụ công tác nhập học;,0.9151,89.58,100.0,mềm quản lý đào tạo để phục vụ công tác nhập học;,0.9283,89.58,100.0,0.0,0.0,No,No
CTSV_001_2025-08-21-To_chuc_nhap_hoc_ch_0_1353-KH-DHDL_KE_HOACH_NHAP_H_p03_line_012.png,Mã số sinh viên: 2212461,"- Cử nhân viên bảo vệ tham gia đảm bảo công tác an ninh trật tự, cử nhân viên phục",0.9264,304.17,400.0,"Cử nhân viên bảo vệ tham gia đảm bảo công tác an ninh trật tự, cử nhân viên phục",0.9229,295.83,380.0,8.33,20.0,No,No
CTSV_001_2025-08-21-To_chuc_nhap_hoc_ch_0_1353-KH-DHDL_KE_HOACH_NHAP_H_p03_line_018.png,Nơi sinh: Tỉnh Lâm Đồng,"Tổ chức kiểm dò, đối chiếu thu học phí, bảo hiểm y tế và các khoản lệ phí nhập",0.9282,295.65,380.0,"Tổ chức kiểm dò, đối chiếu thu học phí, bảo hiểm y tế và các khoản lệ phí nhập",0.9302,295.65,380.0,0.0,0.0,No,No
CTSV_001_2025-08-21-To_chuc_nhap_hoc_ch_0_1353-KH-DHDL_KE_HOACH_NHAP_H_p03_line_024.png,Em xin cam đoan những lời khai trên hoàn toàn đúng sự thật,"45, Phòng KHCN & HTQT",0.8587,87.93,100.0,"4.5, Phòng KHCN & HTQT",0.8888,87.93,100.0,0.0,0.0,No,No
CTSV_001_2025-08-21-To_chuc_nhap_hoc_ch_0_1353-KH-DHDL_KE_HOACH_NHAP_H_p03_line_030.png,Lớp,03600000000990,0.294,466.67,100.0,03600000000009990,0.8282,566.67,100.0,-100.0,0.0,No,No
CTSV_001_2025-08-21-To_chuc_nhap_hoc_ch_0_1353-KH-DHDL_KE_HOACH_NHAP_H_p03_line_036.png,Ngô Công Thành,"Bố trí nhân sự trực hệ thống mạng, hệ thống website đảm bảo thông suốt để thực",0.9258,500.0,566.67,"Bố trí nhân sự trực hệ thống mạng, hệ thống website đảm bảo thông suốt để thực",0.9272,500.0,566.67,0.0,0.0,No,No
CTSV_001_2025-08-21-To_chuc_nhap_hoc_ch_0_1353-KH-DHDL_KE_HOACH_NHAP_H_p04_line_001.png,2212463,"4.7, Phòng Quản trị cơ sở vật chất",0.9038,485.71,800.0,"4.7, Phòng Quản trị cơ sở vật chất",0.9352,485.71,800.0,0.0,0.0,No,No
CTSV_001_2025-08-21-To_chuc_nhap_hoc_ch_0_1353-KH-DHDL_KE_HOACH_NHAP_H_p04_line_007.png,3,"Bố trí bảng chỉ dẫn từ cống chính vào Trung tâm Thông tin - Thư viện,",0.9103,6900.0,1600.0,"Bố trí bảng chỉ dẫn từ cổng chính vào Trung tâm Thông tin - Thư viện,",0.928,6900.0,1600.0,0.0,0.0,No,No
CTSV_001_2025-08-21-To_chuc_nhap_hoc_ch_0_1353-KH-DHDL_KE_HOACH_NHAP_H_p04_line_013.png,3.200.000 VNĐ,4.10. Các Khoa,0.8473,84.62,150.0,4.10.Các Khoa,0.9257,76.92,100.0,7.69,50.0,No,No
CTSV_001_2025-08-21-To_chuc_nhap_hoc_ch_0_1353-KH-DHDL_KE_HOACH_NHAP_H_p04_line_019.png,Xuất sắc,"Xây dựng Inforgraphic, video clip thông điệp chào đón tân sinh viên khoa, thông",0.9238,937.5,700.0,"Xây dựng Inforgraphic, video clip thông điệp chào đón tân sinh viên khoa, thông",0.9276,937.5,700.0,0.0,0.0,No,No
CTSV_002_2025-08-21-To_chuc_nhap_hoc_ch_0_1353-KH-DHDL_KE_HOACH_NHAP_H_p01_line_000.png,PHÒNG CÔNG TÁC SINH VIÊN,Interpressionalized,0.5404,100.0,100.0,Contractionalists,0.8868,95.83,100.0,4.17,0.0,No,No
CTSV_002_2025-08-21-To_chuc_nhap_hoc_ch_0_1353-KH-DHDL_KE_HOACH_NHAP_H_p01_line_006.png,QUYẾT ĐỊNH KHEN THƯỞNG SINH VIÊN XUẤT SẮC,"- Giáo dục mầm non"",",0.8333,90.24,100.0,"Giáo dục mầm non"",",0.8953,92.68,100.0,-2.44,0.0,No,No
CTSV_002_2025-08-21-To_chuc_nhap_hoc_ch_0_1353-KH-DHDL_KE_HOACH_NHAP_H_p01_line_012.png,Em tên là: Lý Gia Bảo,Trường Đại học Đà Lạt? ban hành kèm theo Quyết định số 140/QĐ-ĐHDL ngày 09/3/2023,0.912,347.62,250.0,Trường Đại học Đà Lạt? ban hành kèm theo Quyết định số 140/QĐ-ĐHDL ngày 09/3/2023,0.9292,347.62,250.0,0.0,0.0,No,No
CTSV_002_2025-08-21-To_chuc_nhap_hoc_ch_0_1353-KH-DHDL_KE_HOACH_NHAP_H_p01_line_018.png,Ngày sinh: 15/08/2004,"1980 tạo hướng dẫn công tác tuyển sinh đại học, tuyển sinh cao đẳng năm 2025,",0.8794,319.05,533.33,"tạo hướng dẫn công tác tuyển sinh đại học, tuyển sinh cao đẳng năm 2025,",0.9233,295.24,500.0,23.81,33.33,No,No
CTSV_002_2025-08-21-To_chuc_nhap_hoc_ch_0_1353-KH-DHDL_KE_HOACH_NHAP_H_p01_line_024.png,Kính mong Ban Giám hiệu và Phòng CTSV xem xét giải quyết,Từ ngày 25/8/2025 đến ngày 05/9/2025 (Trừ các ngày nghỉ Lễ Quốc khánh 2/9 từ thứ,0.9304,116.07,133.33,Từ ngày 25/8/2025 đến ngày 05/9/2025 (Trừ các ngày nghỉ Lễ Quốc khánh 2/9 từ thứ,0.9288,116.07,133.33,0.0,0.0,No,No
CTSV_002_2025-08-21-To_chuc_nhap_hoc_ch_0_1353-KH-DHDL_KE_HOACH_NHAP_H_p01_line_030.png,Họ và tên,"Trường Đại học Đà Lạt, Số 01 Phù Đồng Thiên Vương, Phường Lâm Viên - Đà Lạt, Tỉnh",0.9265,822.22,600.0,"Trường Đại học Đà Lạt, Số 01 Phù Đồng Thiên Vương, Phường Lâm Viên - Đà Lạt, Tỉnh",0.9287,822.22,600.0,0.0,0.0,No,No
CTSV_002_2025-08-21-To_chuc_nhap_hoc_ch_0_1353-KH-DHDL_KE_HOACH_NHAP_H_p02_line_004.png,2212461,025,0.8702,85.71,100.0,025,0.7796,85.71,100.0,0.0,0.0,No,No
CTSV_002_2025-08-21-To_chuc_nhap_hoc_ch_0_1353-KH-DHDL_KE_HOACH_NHAP_H_p02_line_010.png,2,"3.2, Nhập học trực tiếp tại Trung tâm Thông tin - Thư viện Trường Đại học Đà",0.9203,7500.0,1700.0,"3.2, Nhập học trực tiếp tại Trung tâm Thông tin - Thư viện Trường Đại học Đà",0.9305,7500.0,1700.0,0.0,0.0,No,No
CTSV_002_2025-08-21-To_chuc_nhap_hoc_ch_0_1353-KH-DHDL_KE_HOACH_NHAP_H_p02_line_016.png,4.500.000 VNĐ,03100001990000388,0.2453,92.31,100.0,036000000000990,0.8078,76.92,100.0,15.38,0.0,No,No
CTSV_002_2025-08-21-To_chuc_nhap_hoc_ch_0_1353-KH-DHDL_KE_HOACH_NHAP_H_p02_line_022.png,Tốt,"Làm đầu mối, xây dựng kế hoạch tổ chức nhập học cho Tân sinh viên khóa 49 hệ",0.9283,2466.67,1800.0,"Làm đầu mối, xây dựng kế hoạch tổ chức nhập học cho Tân sinh viên khóa 49 hệ",0.9297,2466.67,1800.0,0.0,0.0,No,No
CTSV_002_2025-08-21-To_chuc_nhap_hoc_ch_0_1353-KH-DHDL_KE_HOACH_NHAP_H_p02_line_028.png,90,- Phân công cản bộ y tế trực trong suốt quá trình nhập học;,0.9186,2950.0,1400.0,- Phân công cán bộ y tế trực trong suốt quá trình nhập học;,0.9165,2950.0,1400.0,0.0,0.0,No,No
CTSV_002_2025-08-21-To_chuc_nhap_hoc_ch_0_1353-KH-DHDL_KE_HOACH_NHAP_H_p02_line_034.png,TRƯỜNG ĐẠI HỌC ĐÀ LẠT,"Tài chính Kế hoạch, phòng Quản lý chất lượng và Thanh tra Pháp chế, trung tâm CNTT,",0.9177,366.67,340.0,"Tài chính Kế hoạch, phòng Quản lý chất lượng và Thanh tra Pháp chế, trung tâm CNTT,",0.9304,366.67,340.0,0.0,0.0,No,No
CTSV_002_2025-08-21-To_chuc_nhap_hoc_ch_0_1353-KH-DHDL_KE_HOACH_NHAP_H_p03_line_000.png,KẾ HOẠCH TỔ CHỨC TUẦN SINH HOẠT CÔNG DÂN,Contractionalists,0.55,97.5,100.0,Contractionalists,0.8773,97.5,100.0,0.0,0.0,No,No
CTSV_002_2025-08-21-To_chuc_nhap_hoc_ch_0_1353-KH-DHDL_KE_HOACH_NHAP_H_p03_line_006.png,Em tên là: Phan Thành Phát,mềm quản lý đào tạo để phục vụ công tác nhập học;,0.9151,138.46,200.0,mềm quản lý đào tạo để phục vụ công tác nhập học;,0.9283,138.46,200.0,0.0,0.0,No,No
CTSV_002_2025-08-21-To_chuc_nhap_hoc_ch_0_1353-KH-DHDL_KE_HOACH_NHAP_H_p03_line_012.png,Khoa: Công nghệ Thông tin,"- Cử nhân viên bảo vệ tham gia đảm bảo công tác an ninh trật tự, cử nhân viên phục",0.9264,268.0,400.0,"Cử nhân viên bảo vệ tham gia đảm bảo công tác an ninh trật tự, cử nhân viên phục",0.9229,260.0,380.0,8.0,20.0,No,No
CTSV_002_2025-08-21-To_chuc_nhap_hoc_ch_0_1353-KH-DHDL_KE_HOACH_NHAP_H_p03_line_018.png,Lý do: Em xin tạm hoãn nghĩa vụ quân sự theo quy định,"Tổ chức kiểm dò, đối chiếu thu học phí, bảo hiểm y tế và các khoản lệ phí nhập",0.9282,113.21,146.15,"Tổ chức kiểm dò, đối chiếu thu học phí, bảo hiểm y tế và các khoản lệ phí nhập",0.9302,113.21,146.15,0.0,0.0,No,No
CTSV_002_2025-08-21-To_chuc_nhap_hoc_ch_0_1353-KH-DHDL_KE_HOACH_NHAP_H_p03_line_024.png,Mã sinh viên,"45, Phòng KHCN & HTQT",0.8587,150.0,166.67,"4.5, Phòng KHCN & HTQT",0.8888,158.33,166.67,-8.33,0.0,No,No
CTSV_002_2025-08-21-To_chuc_nhap_hoc_ch_0_1353-KH-DHDL_KE_HOACH_NHAP_H_p03_line_030.png,1,03600000000990,0.294,1400.0,100.0,03600000000009990,0.8282,1700.0,100.0,-300.0,0.0,No,No
CTSV_002_2025-08-21-To_chuc_nhap_hoc_ch_0_1353-KH-DHDL_KE_HOACH_NHAP_H_p03_line_036.png,4.500.000 VNĐ,"Bố trí nhân sự trực hệ thống mạng, hệ thống website đảm bảo thông suốt để thực",0.9258,592.31,850.0,"Bố trí nhân sự trực hệ thống mạng, hệ thống website đảm bảo thông suốt để thực",0.9272,592.31,850.0,0.0,0.0,No,No
CTSV_002_2025-08-21-To_chuc_nhap_hoc_ch_0_1353-KH-DHDL_KE_HOACH_NHAP_H_p04_line_001.png,Xuất sắc,"4.7, Phòng Quản trị cơ sở vật chất",0.9038,362.5,400.0,"4.7, Phòng Quản trị cơ sở vật chất",0.9352,362.5,400.0,0.0,0.0,No,No
CTSV_002_2025-08-21-To_chuc_nhap_hoc_ch_0_1353-KH-DHDL_KE_HOACH_NHAP_H_p04_line_007.png,88,"Bố trí bảng chỉ dẫn từ cống chính vào Trung tâm Thông tin - Thư viện,",0.9103,3450.0,1600.0,"Bố trí bảng chỉ dẫn từ cổng chính vào Trung tâm Thông tin - Thư viện,",0.928,3450.0,1600.0,0.0,0.0,No,No
CTSV_002_2025-08-21-To_chuc_nhap_hoc_ch_0_1353-KH-DHDL_KE_HOACH_NHAP_H_p04_line_013.png,CTK44,4.10. Các Khoa,0.8473,240.0,300.0,4.10.Các Khoa,0.9257,220.0,200.0,20.0,100.0,No,No
CTSV_002_2025-08-21-To_chuc_nhap_hoc_ch_0_1353-KH-DHDL_KE_HOACH_NHAP_H_p04_line_019.png,BỘ GIÁO DỤC VÀ ĐÀO TẠO,"Xây dựng Inforgraphic, video clip thông điệp chào đón tân sinh viên khoa, thông",0.9238,331.82,233.33,"Xây dựng Inforgraphic, video clip thông điệp chào đón tân sinh viên khoa, thông",0.9276,331.82,233.33,0.0,0.0,No,No
CTSV_003_2025-08-29-Ke_hoach_To_chuc_Le_0_1395-KH-DHDL_KE_HOACH_KHAI_G_p01_line_000.png,GIẤY XÁC NHẬN SINH VIÊN ĐANG THEO HỌC,BỘ GIÁO DỤC VÀ ĐÀO TẠO CỘNG HÒA XÃ HỘI CHỦ NGHĨA VIỆT NAM,0.9053,116.22,175.0,BỘ GIÁO DỤC VÀ ĐÀO TẠO CỘNG HÒA XÃ HỘI CHỦ NGHĨA VIỆT NAM,0.9291,116.22,175.0,0.0,0.0,No,No
CTSV_003_2025-08-29-Ke_hoach_To_chuc_Le_0_1395-KH-DHDL_KE_HOACH_KHAI_G_p01_line_006.png,Em tên là: Ngô Công Thành,Và Đào tạo) và Khai giảng năm học 2025-2026,0.9161,136.0,150.0,và Đào tạo) và Khai giảng năm học 2025-2026,0.9305,136.0,150.0,0.0,0.0,No,No
CTSV_003_2025-08-29-Ke_hoach_To_chuc_Le_0_1395-KH-DHDL_KE_HOACH_KHAI_G_p01_line_012.png,Lớp: CTK46 - Công nghệ Thông tin,036111 Mục đích,0.6819,90.62,100.0,111 Mục đích,0.9092,90.62,100.0,0.0,0.0,No,No
CTSV_003_2025-08-29-Ke_hoach_To_chuc_Le_0_1395-KH-DHDL_KE_HOACH_KHAI_G_p01_line_018.png,Lý do: Em cần thời gian điều trị bệnh và hồi phục sức khỏe,"thống lịch sử vẻ vang của ngành Giáo dục, tỉnh thần đối mới, sáng tạo, hướng tới một",0.9295,110.34,128.57,"thống lịch sử vẻ vang của ngành Giáo dục, tỉnh thần đổi mới, sáng tạo, hướng tới một",0.9246,110.34,128.57,0.0,0.0,No,No
CTSV_003_2025-08-29-Ke_hoach_To_chuc_Le_0_1395-KH-DHDL_KE_HOACH_KHAI_G_p01_line_024.png,STT,"động và người học trong toàn Trường trên nguyên tắc tiết kiệm, thiết thực, hiệu quả",0.9337,2733.33,1600.0,"động và người học trong toàn Trường trên nguyên tắc tiết kiệm, thiết thực, hiệu quả",0.9273,2733.33,1600.0,0.0,0.0,No,No
CTSV_003_2025-08-29-Ke_hoach_To_chuc_Le_0_1395-KH-DHDL_KE_HOACH_KHAI_G_p01_line_030.png,Số tiền học bổng,"- Đại diện lãnh đạo: sở nội vụ tỉnh Lâm Đồng, Sở Khoa học và Công nghệ tỉnh",0.9122,406.25,425.0,"- Đại diện lãnh đạo: sở nội vụ tỉnh Lâm Đồng, sở Khoa học và Công nghệ tỉnh",0.9282,406.25,425.0,0.0,0.0,No,No
CTSV_003_2025-08-29-Ke_hoach_To_chuc_Le_0_1395-KH-DHDL_KE_HOACH_KHAI_G_p02_line_004.png,Xuất sắc,Trường Đại học Đà Lạt:,0.8828,250.0,250.0,Trường Đại học Đà Lạt:,0.8952,250.0,250.0,0.0,0.0,No,No
CTSV_003_2025-08-29-Ke_hoach_To_chuc_Le_0_1395-KH-DHDL_KE_HOACH_KHAI_G_p02_line_010.png,92,"- Đại diện sinh viên các khóa K-46, K47, K48, K49 (Số lượng triệu tập đỉnh kèm);",0.9129,3950.0,1700.0,"- Đại diện sinh viên các khóa K-46, K47, K48, K49 (Số lượng triệu tập đỉnh kèm);",0.9208,3950.0,1700.0,0.0,0.0,No,No
CTSV_003_2025-08-29-Ke_hoach_To_chuc_Le_0_1395-KH-DHDL_KE_HOACH_KHAI_G_p03_line_004.png,CTK46,Xây dựng kế hoạch chi tiết và hướng dẫn các nội dung liên quan đến công tác tổ,0.9223,1560.0,1800.0,Xây dựng kế hoạch chi tiết và hướng dẫn các nội dung liên quan đến công tác tổ,0.9271,1560.0,1800.0,0.0,0.0,No,No
CTSV_003_2025-08-29-Ke_hoach_To_chuc_Le_0_1395-KH-DHDL_KE_HOACH_KHAI_G_p03_line_010.png,Nguyễn Hoàng Nam,- Sắp xếp bố trí sơ đồ chỗ ngồi cho người học các khoa trong hội trường.,0.9189,406.25,566.67,- Sắp xếp bố trí sơ đồ chỗ ngồi cho người học các khoa trong hội trường.,0.9236,406.25,566.67,0.0,0.0,No,No
CTSV_003_2025-08-29-Ke_hoach_To_chuc_Le_0_1395-KH-DHDL_KE_HOACH_KHAI_G_p03_line_016.png,Độc lập - Tự do - Hạnh phúc,- Phối hợp với các đơn vị liên quan xây dựng video tổng kết năm học 2024 - 2025,0.9131,240.74,237.5,- Phối hợp với các đơn vị liên quan xây dựng video tổng kết năm học 2024 - 2025,0.926,240.74,237.5,0.0,0.0,No,No
CTSV_003_2025-08-29-Ke_hoach_To_chuc_Le_0_1395-KH-DHDL_KE_HOACH_KHAI_G_p03_line_022.png,ĐƠN XIN CẤP HỌC BỔNG KHUYẾN KHÍCH HỌC TẬP,- Chuẩn bị kinh phí và thanh quyết toán kinh phí tổ chức buổi Lễ.,0.9174,139.02,166.67,- Chuẩn bị kinh phí và thanh quyết toán kinh phí tổ chức buổi Lê.,0.9197,139.02,166.67,0.0,0.0,No,No
CTSV_003_2025-08-29-Ke_hoach_To_chuc_Le_0_1395-KH-DHDL_KE_HOACH_KHAI_G_p03_line_028.png,Kính gửi: Phòng Công tác Sinh viên (CTSV),3.7. Trung tâm công nghệ thông tin,0.9005,78.05,100.0,"3.7, Trung tâm công nghệ thông tin",0.9155,78.05,100.0,0.0,0.0,No,No
CTSV_003_2025-08-29-Ke_hoach_To_chuc_Le_0_1395-KH-DHDL_KE_HOACH_KHAI_G_p04_line_000.png,Mã số sinh viên: 2213934,Anticulation,0.5162,91.67,100.0,Contractionalists,0.8981,91.67,100.0,0.0,0.0,No,No
CTSV_003_2025-08-29-Ke_hoach_To_chuc_Le_0_1395-KH-DHDL_KE_HOACH_KHAI_G_p04_line_006.png,Lý do: Gia đình có hoàn cảnh khó khăn về kinh tế,"- Thông báo đến toàn thể viên chức, người lao động và người học của Khoa tham",0.9293,120.83,141.67,"- Thông báo đến toàn thể viên chức, người lao động và người học của Khoa tham",0.9256,120.83,141.67,0.0,0.0,No,No
CTSV_003_2025-08-29-Ke_hoach_To_chuc_Le_0_1395-KH-DHDL_KE_HOACH_KHAI_G_p04_line_012.png,Người làm đơn (Ký và ghi rõ họ tên),(nay là Bộ Giáo dục và Đào tạo) và Khai giảng năm học 2025-2026.Đề nghi cặc đơn vị,0.9061,188.57,188.89,(nay là Bộ Giáo dục và Đào tạo) và Khui giảng năm học 2025-2026.Đề nghi các đến vị,0.9156,188.57,188.89,0.0,0.0,No,No
CTSV_003_2025-08-29-Ke_hoach_To_chuc_Le_0_1395-KH-DHDL_KE_HOACH_KHAI_G_p05_line_002.png,Xếp loại,"DANH SÁCH ĐẠI DIỆN LÃNH ĐẠO CÁC KHOA CHUYÊN MÔN,",0.9229,587.5,500.0,"DANH SÁCH ĐẠI DIỆN LÃNH ĐẠO CÁC KHOA CHUYÊN MÔN,",0.9316,587.5,500.0,0.0,0.0,No,No
CTSV_003_2025-08-29-Ke_hoach_To_chuc_Le_0_1395-KH-DHDL_KE_HOACH_KHAI_G_p06_line_002.png,95,SỐ LƯỢNG NGƯỜI HỌC THAM DỰ LÊ,0.8935,1450.0,700.0,SỐ LƯỢNG NGƯỜI HỌC THAM DỰ LÊ,0.9039,1450.0,700.0,0.0,0.0,No,No
CTSV_004_2025-08-29-Ke_hoach_To_chuc_Le_0_1395-KH-DHDL_KE_HOACH_KHAI_G_p01_line_003.png,CTK46,(nay là Bộ Giáo dục và Đào tạo) và Khai giảng năm học 2025-2026,0.9287,1220.0,1400.0,(nay là Bộ Giáo dục và Đào tạo) và Khai giảng năm học 2025-2026,0.9278,1220.0,1400.0,0.0,0.0,No,No
CTSV_004_2025-08-29-Ke_hoach_To_chuc_Le_0_1395-KH-DHDL_KE_HOACH_KHAI_G_p01_line_009.png,Lý Gia Bảo,"Thực hiện kế hoạch đào tạo năm học 2025-2026, Trường Đại học Đà Lạt thông báo",0.9292,730.0,533.33,"Thực hiện kế hoạch đào tạo năm học 2025-2026, Trường Đại học Đà Lạt thông báo",0.9293,730.0,533.33,0.0,0.0,No,No
CTSV_004_2025-08-29-Ke_hoach_To_chuc_Le_0_1395-KH-DHDL_KE_HOACH_KHAI_G_p01_line_015.png,20210678,0360000001990,0.2501,137.5,100.0,ngành giáo dục;,0.8815,187.5,300.0,-50.0,-200.0,No,No
CTSV_004_2025-08-29-Ke_hoach_To_chuc_Le_0_1395-KH-DHDL_KE_HOACH_KHAI_G_p01_line_021.png,CỘNG HÒA XÃ HỘI CHỦ NGHĨA VIỆT NAM,NGƯỜI HỌC TRONG TOÀN TRƯỜNG,0.9016,79.41,100.0,người học trong toàn trường,0.9114,91.18,100.0,-11.76,0.0,No,No
CTSV_004_2025-08-29-Ke_hoach_To_chuc_Le_0_1395-KH-DHDL_KE_HOACH_KHAI_G_p01_line_027.png,ĐƠN XIN XÉT MIỄN GIẢM HỌC PHÍ HỌC KỲ I,"22, Địa điểm: hội trường A32, trường đại học Đà Lạt",0.88,107.89,110.0,"22, Địa điểm: hội trường A32, Trường Đại học Đà Lạt",0.9152,107.89,110.0,0.0,0.0,No,No
CTSV_004_2025-08-29-Ke_hoach_To_chuc_Le_0_1395-KH-DHDL_KE_HOACH_KHAI_G_p02_line_001.png,Kính gửi: Ban Giám hiệu Trường Đại học Đà Lạt,- Đại diện lãnh đạo UBND phường Lâm Viên - Đà Lạt;,0.9065,71.11,110.0,- Đại diện lãnh đạo UBND phường Lâm Viên - Đà Lạt;,0.9285,71.11,110.0,0.0,0.0,No,No
CTSV_004_2025-08-29-Ke_hoach_To_chuc_Le_0_1395-KH-DHDL_KE_HOACH_KHAI_G_p02_line_007.png,Mã số sinh viên: 2212463,"Đại diện lãnh đạo các phòng chức năng, Đoàn thể, Viện nghiên cứu,",0.9133,237.5,260.0,"- Đại diện lãnh đạo các phòng chức năng, Đoàn thể, Viện nghiên cứu,",0.9276,245.83,280.0,-8.33,-20.0,No,No
CTSV_004_2025-08-29-Ke_hoach_To_chuc_Le_0_1395-KH-DHDL_KE_HOACH_KHAI_G_p03_line_001.png,Số điện thoại liên hệ: 0912345678,Contractionalists,0.5453,87.88,100.0,Contractionalists,0.8961,87.88,100.0,0.0,0.0,No,No
CTSV_004_2025-08-29-Ke_hoach_To_chuc_Le_0_1395-KH-DHDL_KE_HOACH_KHAI_G_p03_line_007.png,"Đà Lạt, ngày 21 tháng 09 năm 2026",Giám hiệu Nhà trường;,0.9028,87.88,100.0,Giám hiệu Nhà trường;,0.9282,87.88,100.0,0.0,0.0,No,No
CTSV_004_2025-08-29-Ke_hoach_To_chuc_Le_0_1395-KH-DHDL_KE_HOACH_KHAI_G_p03_line_013.png,Điểm rèn luyện,Quốc gia Giáo dục (nay là Bộ Giáo dục và Đào tạo) và Khai giảng năm học 2025 - 2026,0.9292,550.0,666.67,Quốc gia Giáo dục (nay là Bộ Giáo dục và Đào tạo) và Khai giảng năm học 2025 - 2026,0.9226,550.0,666.67,0.0,0.0,No,No
CTSV_004_2025-08-29-Ke_hoach_To_chuc_Le_0_1395-KH-DHDL_KE_HOACH_KHAI_G_p03_line_019.png,CTK46,Bộ Giáo dục và Đào tạo) và Khai giảng năm học 2025-2026? trên bảng điện tử trước,0.9307,1560.0,1700.0,Bộ Giáo dục và Đào tạo) và Khai giảng năm học 2025-2026? trên bảng điện tử trước,0.925,1560.0,1700.0,0.0,0.0,No,No
CTSV_004_2025-08-29-Ke_hoach_To_chuc_Le_0_1395-KH-DHDL_KE_HOACH_KHAI_G_p03_line_025.png,Phan Thành Phát,"TRƯỜNG VÀ KHU VỰC A32, TRƯỚC, TRONG VÀ SAU BUỔI LÊ,",0.9101,320.0,366.67,"trường và khu vực A32, trước, trong và sau buổi Lê,",0.9177,306.67,366.67,13.33,0.0,No,No
CTSV_004_2025-08-29-Ke_hoach_To_chuc_Le_0_1395-KH-DHDL_KE_HOACH_KHAI_G_p03_line_031.png,2213934,"Thanh tốt về đường truyền kết nối trực tuyến,",0.8908,642.86,900.0,"thanh tốt về đường truyền kết nối trực tuyến,",0.9226,642.86,900.0,0.0,0.0,No,No
CTSV_004_2025-08-29-Ke_hoach_To_chuc_Le_0_1395-KH-DHDL_KE_HOACH_KHAI_G_p04_line_003.png,4,Cử 02 sinh viên làm công tác lễ tân tại buổi lễ;,0.9107,4800.0,1200.0,Cử 02 sinh viên làm công tác lễ tân tại buổi lễ;,0.924,4800.0,1200.0,0.0,0.0,No,No
CTSV_004_2025-08-29-Ke_hoach_To_chuc_Le_0_1395-KH-DHDL_KE_HOACH_KHAI_G_p04_line_009.png,4.500.000 VNĐ,"Trợ lý CTSV các khoa chịu trách nhiệm điểm danh, quản lý người học trong quá",0.9277,576.92,800.0,"Trợ lý CTSV các khoa chịu trách nhiệm điểm danh, quản lý người học trong quá",0.9269,576.92,800.0,0.0,0.0,No,No
CTSV_004_2025-08-29-Ke_hoach_To_chuc_Le_0_1395-KH-DHDL_KE_HOACH_KHAI_G_p04_line_015.png,ĐƠN XIN NGHỈ HỌC TẠM THỜI VÀ BẢO LƯU KẾT QUẢ HỌC TẬP,Thị Trung Thị Nguyễn Văn Ngọc,0.6889,86.54,100.0,Văn Nguyễn Văn Ngọc,0.8523,90.38,100.0,-3.85,0.0,No,No
CTSV_004_2025-08-29-Ke_hoach_To_chuc_Le_0_1395-KH-DHDL_KE_HOACH_KHAI_G_p05_line_005.png,THÔNG BÁO VỀ VIỆC ĐĂNG KÝ BẢO HIỂM Y TẾ BẮT BUỘC,Thuận của Hiệu trường Trường Đại học Đà Lạt),0.8316,83.33,100.0,Của Hiệu trường Trường Đại học Đà Lạt),0.9103,85.42,100.0,-2.08,0.0,No,No
CTSV_005_2025-08-29-Ke_hoach_To_chuc_Tu_0_1425-KH-DHDL_p01_line_000.png,Mã số sinh viên: 2212461,ANTICOLOGISTS,0.5496,100.0,100.0,Contractionalists,0.8738,91.67,100.0,8.33,0.0,No,No
CTSV_005_2025-08-29-Ke_hoach_To_chuc_Tu_0_1425-KH-DHDL_p01_line_006.png,Nơi sinh: Tỉnh Lâm Đồng,"- Tuần sinh hoạt công dân - HSSV"" đầu khóa dành cho Tân sinh viên khóa 49, năm học",0.9182,304.35,380.0,"chức ?Tuần sinh hoạt công dân - HSSV? đầu khóa dành cho Tân sinh viên khóa 49, năm học",0.9239,321.74,380.0,-17.39,0.0,No,No
CTSV_005_2025-08-29-Ke_hoach_To_chuc_Tu_0_1425-KH-DHDL_p01_line_012.png,Em xin cam đoan những lời khai trên hoàn toàn đúng sự thật,các quy định liên quan đến đào tạo và công tác sinh viên,0.9245,77.59,100.0,các quy định liên quan đến đào tạo và công tác sinh viên.,0.9185,79.31,100.0,-1.72,0.0,No,No
CTSV_005_2025-08-29-Ke_hoach_To_chuc_Tu_0_1425-KH-DHDL_p01_line_018.png,Lớp,"49, năm học 2025-2026 phải được tiến hành nghiêm túc, phù hợp, đạt hiệu quả giáo dục cao;",0.9274,2933.33,1800.0,"49, năm học 2025-2026 phải được tiến hành nghiêm túc, phù hợp, đạt hiệu quả giáo dục cao;",0.9279,2933.33,1800.0,0.0,0.0,No,No
CTSV_005_2025-08-29-Ke_hoach_To_chuc_Tu_0_1425-KH-DHDL_p01_line_024.png,Ngô Công Thành,2.1. Đối tượng: Tất cả Tân sinh viên khoá 49 tuyển sinh năm 2025,0.9206,400.0,466.67,"2.1, Đối tượng: Tất cả Tân sinh viên khoá 49 tuyển sinh năm 2025.",0.9176,407.14,466.67,-7.14,0.0,No,No
CTSV_005_2025-08-29-Ke_hoach_To_chuc_Tu_0_1425-KH-DHDL_p02_line_002.png,2212463,"Phổ biến quy chế công tác sinh viên, quy tắc văn hoá ứng xử của người học và các dịch",0.9295,1214.29,2000.0,"- Phổ biến quy chế công tác sinh viên, quy tắc văn hoá ứng xử của người học và các dịch",0.9249,1242.86,2100.0,-28.57,-100.0,No,No
CTSV_005_2025-08-29-Ke_hoach_To_chuc_Tu_0_1425-KH-DHDL_p02_line_008.png,3,3.2. Chuyên đề 2: Phương pháp học tập đại học hiệu quả (Kí hiệu: SHCD2025-CD2 -,0.9125,7800.0,1600.0,"3.2, Chuyên đề 2: Phương pháp học tập đại học hiệu quả (Kí hiệu: SHCD2025-CD2 -",0.9227,7800.0,1600.0,0.0,0.0,No,No
CTSV_005_2025-08-29-Ke_hoach_To_chuc_Tu_0_1425-KH-DHDL_p02_line_014.png,3.200.000 VNĐ,3.4.Chuyên đề 4: Chuyển đối số và kỳ năng công nghệ (Kí hiệu: SHCD2025-CD4 ?3,0.8822,561.54,750.0,3.4.Chuyên đề 4: Chuyển đối số và kỹ năng công nghệ (Kỉ hiệu: SHCD2025-CD4 - 3 hiệu y,0.8971,615.38,900.0,-53.85,-150.0,No,No
CTSV_005_2025-08-29-Ke_hoach_To_chuc_Tu_0_1425-KH-DHDL_p02_line_020.png,Xuất sắc,"3.5. Chuyện đề 5: Bài thu hoạch Tuần sinh hoạt công dân - HSSV đầu khoá, (Kí hiệu:",0.9127,962.5,900.0,3.5. Chuyên đề 5: Bài thu hoạch Tuần sinh hoạt công dân - HSSV đầu khoá (Kí hiệu:,0.9136,950.0,900.0,12.5,0.0,No,No
CTSV_005_2025-08-29-Ke_hoach_To_chuc_Tu_0_1425-KH-DHDL_p02_line_026.png,PHÒNG CÔNG TÁC SINH VIÊN,"""HSSV"" đầu khoá, năm học 2025 - 2026 dành cho Tân sinh viên khoá 49,",0.8915,258.33,300.0,"công dân - HSSV? đầu khoá, năm học 2025-2026 dành cho Tân sinh viên khoá 49,",0.9236,291.67,320.0,-33.33,-20.0,No,No
CTSV_005_2025-08-29-Ke_hoach_To_chuc_Tu_0_1425-KH-DHDL_p03_line_002.png,QUYẾT ĐỊNH KHEN THƯỞNG SINH VIÊN XUẤT SẮC,Tham mưu Hiệu trưởng ban hành quyết định công nhận kết quả học tập của 'Tuần sinh,0.9225,178.05,212.5,- Tham mưu Hiệu trưởng ban hành quyết định công nhận kết quả học tập của ?Tuần sinh,0.9241,180.49,225.0,-2.44,-12.5,No,No
CTSV_005_2025-08-29-Ke_hoach_To_chuc_Tu_0_1425-KH-DHDL_p03_line_008.png,Em tên là: Lý Gia Bảo,"Báo cáo kết quả ""Tuần sinh hoạt công dân - HSSV"" đầu khoá với Ban chỉ đạo và Báo",0.9058,328.57,316.67,Báo cáo kết quả ?Tuần sinh hoạt công dân - HSSV? đầu khoá với Ban chỉ đạo và Báo,0.9215,328.57,316.67,0.0,0.0,No,No
CTSV_005_2025-08-29-Ke_hoach_To_chuc_Tu_0_1425-KH-DHDL_p03_line_014.png,Ngày sinh: 15/08/2004,"- Cử báo cáo viên tham gia báo cáo tại ""Tuần sinh hoạt công dân ? HSSV"" đầu khoá,",0.913,352.38,633.33,"Cử báo cáo viên tham gia báo cáo tại 'Tuần sinh hoạt công dân - HSSV? đầu khoá,",0.9195,342.86,600.0,9.52,33.33,No,No
CTSV_005_2025-08-29-Ke_hoach_To_chuc_Tu_0_1425-KH-DHDL_p03_line_020.png,Kính mong Ban Giám hiệu và Phòng CTSV xem xét giải quyết,"Hình LED, máy chiếu, bàn ghế trong suốt thời gian tổ chức ?Tuần sinh hoạt công dân - HSSV?",0.9128,121.43,158.33,"Hình LED, máy chiếu, bàn ghế trong suốt thời gian tổ chức ?Tuần sinh hoạt công dân - HSSV?",0.9254,121.43,158.33,0.0,0.0,No,No
CTSV_005_2025-08-29-Ke_hoach_To_chuc_Tu_0_1425-KH-DHDL_p03_line_026.png,Họ và tên,"Đảm bảo đường truyền, hệ thống LMS để Tân sinh viên khoá 49 thực hiện làm bài thu",0.9305,844.44,600.0,"- Đảm bảo đường truyền, hệ thống LMS để Tân sinh viên khoá 49 thực hiện làm bài thu",0.9204,866.67,633.33,-22.22,-33.33,No,No
CTSV_005_2025-08-29-Ke_hoach_To_chuc_Tu_0_1425-KH-DHDL_p04_line_000.png,2212461,Contractionalized,0.5475,242.86,100.0,Contractionalists,0.89,242.86,100.0,0.0,0.0,No,No
CTSV_005_2025-08-29-Ke_hoach_To_chuc_Tu_0_1425-KH-DHDL_p04_line_006.png,2,"bộ học thuật, câu lạc bộ sở thích giúp Tân sinh viên có được môi trường phát triển toàn diện;",0.9315,9300.0,2000.0,"bộ học thuật, câu lạc bộ sở thích giúp Tân sinh viên có được môi trường phát triển toàn diện,",0.9245,9300.0,2000.0,0.0,0.0,No,No
CTSV_005_2025-08-29-Ke_hoach_To_chuc_Tu_0_1425-KH-DHDL_p04_line_012.png,4.500.000 VNĐ,chuẩn bị nội dung báo cáo Chuyên đề I.Danh sách báo cáo viên gửi về Phòng Công tác sinh,0.9173,653.85,950.0,chuẩn bị nội dung báo cáo Chuyên đề 1.Danh sách báo cáo viên gửi về Phòng Công tác sinh,0.9237,653.85,950.0,0.0,0.0,No,No
CTSV_005_2025-08-29-Ke_hoach_To_chuc_Tu_0_1425-KH-DHDL_p04_line_018.png,Tốt,01111/03/2025,0.722,433.33,100.0,03/9/2025,0.8835,300.0,100.0,133.33,0.0,No,No
